{
  "project_info": {
    "project_number": "34554915188",
    "firebase_url": "https://game-center-467d1-default-rtdb.firebaseio.com",
    "project_id": "game-center-467d1",
    "storage_bucket": "game-center-467d1.appspot.com"
  },
  "client": [
    {
      "client_info": {
        "mobilesdk_app_id": "1:34554915188:android:df2465ac2e936671f86421",
        "android_client_info": {
          "package_name": "be.binarybeam.locker"
        }
      },
      "oauth_client": [],
      "api_key": [
        {
          "current_key": "AIzaSyDSfbqgCAcLEoY2ISIqTGiQ5oEIChTHCCI"
        }
      ],
      "services": {
        "appinvite_service": {
          "other_platform_oauth_client": []
        }
      }
    },
    {
      "client_info": {
        "mobilesdk_app_id": "1:34554915188:android:0fdefc7bf5e8b759f86421",
        "android_client_info": {
          "package_name": "com.android.gamecenter"
        }
      },
      "oauth_client": [],
      "api_key": [
        {
          "current_key": "AIzaSyDSfbqgCAcLEoY2ISIqTGiQ5oEIChTHCCI"
        }
      ],
      "services": {
        "appinvite_service": {
          "other_platform_oauth_client": []
        }
      }
    },
    {
      "client_info": {
        "mobilesdk_app_id": "1:34554915188:android:1bcdb9839a99433df86421",
        "android_client_info": {
          "package_name": "com.msu.mfalocker"
        }
      },
      "oauth_client": [],
      "api_key": [
        {
          "current_key": "AIzaSyDSfbqgCAcLEoY2ISIqTGiQ5oEIChTHCCI"
        }
      ],
      "services": {
        "appinvite_service": {
          "other_platform_oauth_client": []
        }
      }
    }
  ],
  "configuration_version": "1"
}